Páginas principais,Cliques,Impressões,CTR,Posição
https://guiadegeladeira.com.br/tecnica/geladeira-arria-bateria,2,84,2.38%,6.7
https://guiadegeladeira.com.br/tecnica/assistencia-tecnica-geladeira-resfriar-elber,2,52,3.85%,9.52
https://guiadegeladeira.com.br/tecnica/codigos-erro-geladeira-e1-e2-e3,1,49,2.04%,8.47
https://guiadegeladeira.com.br/tecnica/temperatura-ideal-e-configuracao,0,43,0%,19.79
https://guiadegeladeira.com.br/portatil/melhor-geladeira-portatil-12v-2026,0,39,0%,9.03
https://guiadegeladeira.com.br/caminhao/geladeira-caminhao-resfriar-31-litros,0,25,0%,18.56
https://guiadegeladeira.com.br/caminhao/geladeira-caminhao-elber-65-litros,0,20,0%,8.35
https://guiadegeladeira.com.br/portatil/comparativo-resfriar-18l-vs-elber-18l,0,12,0%,4.33
https://guiadegeladeira.com.br/cozinha/guia-caixa-cozinha-caminhao,0,11,0%,5.64
https://guiadegeladeira.com.br/caminhao/melhores-geladeiras-caminhao-2026,0,7,0%,7
https://guiadegeladeira.com.br/tecnica,0,7,0%,7.86
https://guiadegeladeira.com.br/tecnica/12v-24v-ou-quadrivolt,0,6,0%,6.67
https://guiadegeladeira.com.br/caminhao/comparativo-resfriar-vs-elber-vs-maxiclima,0,5,0%,7
https://guiadegeladeira.com.br/tecnica/codigos-erro-geladeira-resfriar-e1-e2-e3-manual,0,5,0%,9.8
https://guiadegeladeira.com.br/caminhao/geladeira-caminhao-elber-31-litros,0,4,0%,8.75
https://guiadegeladeira.com.br/glossario,0,4,0%,10.25
https://guiadegeladeira.com.br/manutencao,0,3,0%,11
https://guiadegeladeira.com.br/blog,0,2,0%,11
https://guiadegeladeira.com.br/usadas/guia-inspecao-geladeira-usada,0,2,0%,13
https://guiadegeladeira.com.br/,0,1,0%,3
https://guiadegeladeira.com.br/caminhao/geladeira-scania-volvo-gaveta,0,1,0%,5
https://guiadegeladeira.com.br/cozinha/402-o-que-levar-caixa-cozinha,0,1,0%,10
https://guiadegeladeira.com.br/caminhao/caixa-cozinha-vs-geladeira-interna,0,1,0%,12
https://guiadegeladeira.com.br/portatil,0,1,0%,13
https://guiadegeladeira.com.br/manutencao/conserto-geladeira-caminhao-guia-defeitos,0,1,0%,16